low_review_rank,low_review_opportunity_rank,rank,nm_id,product_url,reviews_count,card_create_date,card_age_days,card_create_datetime,card_update_datetime,card_imt_id,card_imt_name,card_created_status,card_created_source,reviews_status,review_rating,wb_product_name,wb_brand,low_review_opportunity_score,sales_trend_label,db_recent14_orders,db_prev14_orders,db_orders_growth_14d_pct,db_recent7_orders,db_prev7_orders,db_orders_growth_7d_pct,db_orders_slope_last28_per_day,db_recent14_revenue,db_prev14_revenue,db_revenue_growth_14d_pct,db_orders_total,db_order_revenue_total,db_buyouts_total,db_buyout_revenue_total,db_orders_per_1000_impressions,db_order_conversion_from_clicks,db_cart_to_order_ratio,db_impressions_total,db_clicks_total,db_carts_total,novelty_relevance_score,db_period_start,db_period_end,reviews_fetched_at,reviews_source
1.0,7.0,42,985437161,https://www.wildberries.ru/catalog/985437161/detail.aspx,110.0,2026-04-23,67,2026-04-23T10:57:38.698774Z,2026-06-26T05:39:49.082311Z,791989624,Блендер ручной PHB 1599,ok,https://basket-41.wbbasket.ru/vol9854/part985437/985437161/info/ru/card.json,ok,4.9,Блендер ручной PHB 1599,POLARIS,70.30000000000001,declining,340.0,396.0,-14.141414141414144,112.0,228.0,-50.877192982456144,-0.3880678708264909,1293399.0,1479638.0,-12.586794878206698,1038.0,3889662.0,833.0,3115078.0,0.7359071650984329,1.9308035714285716,18.88646288209607,1410504.0,53760.0,5496.0,37.190999999999995,2026-03-29,2026-06-26,2026-06-29T13:12:05+00:00,https://card.wb.ru/cards/v4/detail
2.0,3.0,33,961659889,https://www.wildberries.ru/catalog/961659889/detail.aspx,133.0,2026-04-13,77,2026-04-13T10:02:30.918816Z,2026-06-22T11:51:10.873835Z,583423482,Блендер погружной мощный с чашей и стаканом 6в1,ok,https://basket-41.wbbasket.ru/vol9616/part961659/961659889/info/ru/card.json,ok,4.8,Блендер погружной мощный с чашей и стаканом 6в1,Bocsh,72.52255319148937,declining,376.0,438.0,-14.155251141552515,149.0,227.0,-34.36123348017621,-0.4324028461959495,1202072.0,1400287.0,-14.155312446662716,1568.0,5012947.0,1323.0,4229680.0,2.1390549415170375,2.6578073089701,22.275891461855377,733034.0,58996.0,7039.0,46.693,2026-03-29,2026-06-26,2026-06-29T13:12:05+00:00,https://card.wb.ru/cards/v4/detail
3.0,14.0,48,692985933,https://www.wildberries.ru/catalog/692985933/detail.aspx,136.0,2025-12-08,203,2025-12-08T12:22:13.098152Z,2026-06-22T13:59:47.074832Z,699426059,"Блендер-суповарка с нагревом DEMIAND DeMixi 7 в 1, белый",ok,https://basket-33.wbbasket.ru/vol6929/part692985/692985933/info/ru/card.json,ok,4.9,"Блендер-суповарка с нагревом DeMixi 7 в 1, белый",DEMIAND,62.45510638297872,low_sales_base,44.0,54.0,-18.518518518518523,17.0,27.0,-37.03703703703704,-0.078270388615216,855400.0,1028400.0,-16.822248152469854,329.0,6298931.0,286.0,5430621.0,0.4663127980893932,0.8825107296137339,8.59681212437941,705535.0,37280.0,3827.0,23.919,2026-03-29,2026-06-26,2026-06-29T13:12:05+00:00,https://card.wb.ru/cards/v4/detail
4.0,15.0,49,683481319,https://www.wildberries.ru/catalog/683481319/detail.aspx,150.0,2025-12-04,207,2025-12-04T06:39:43.706894Z,2026-05-27T11:39:09.3464Z,699426059,"Блендер-суповарка с нагревом DEMIAND DeMixi 7 в 1, черный",ok,https://basket-33.wbbasket.ru/vol6834/part683481/683481319/info/ru/card.json,ok,4.9,"Блендер-суповарка с нагревом DeMixi 7 в 1, черный",DEMIAND,62.18765957446809,declining,59.0,73.0,-19.17808219178082,23.0,36.0,-36.111111111111114,-0.0870279146141213,1147600.0,1393800.0,-17.66394030707419,375.0,7193155.0,310.0,5928174.0,0.4384682841274481,0.9190725944806628,9.200196270853777,855250.0,40802.0,4076.0,21.521,2026-03-29,2026-06-26,2026-06-29T13:12:05+00:00,https://card.wb.ru/cards/v4/detail
5.0,30.0,44,876439200,https://www.wildberries.ru/catalog/876439200/detail.aspx,202.0,2026-03-10,111,2026-03-10T08:04:38.077271Z,2026-05-28T14:50:12.612Z,981947849,Блендер погружной 3в1 со стальной насадкой 2000Вт,ok,https://basket-39.wbbasket.ru/vol8764/part876439/876439200/info/ru/card.json,ok,4.8,Блендер погружной 3в1 со стальной насадкой 2000Вт,STINGRAY,48.36021276595745,low_sales_base,38.0,650.0,-94.15384615384616,13.0,25.0,-48.0,-3.8598795840175137,85752.0,1017067.0,-91.56869704749047,1423.0,2144610.0,1210.0,1809130.0,4.029996998034562,5.799404980233932,28.928644033340113,353102.0,24537.0,4919.0,33.224,2026-03-29,2026-06-26,2026-06-29T13:12:05+00:00,https://card.wb.ru/cards/v4/detail
6.0,19.0,45,768319065,https://www.wildberries.ru/catalog/768319065/detail.aspx,225.0,2026-01-20,160,2026-01-20T08:03:03.51373Z,2026-06-26T05:39:55.141326Z,791989624,Блендер стационарный мощный со стеклянной чашей PTB 1037G,ok,https://basket-35.wbbasket.ru/vol7683/part768319/768319065/info/ru/card.json,ok,4.9,Блендер стационарный мощный со стеклянной чашей PTB 1037G,POLARIS,57.817765957446795,declining,121.0,176.0,-31.25,53.0,68.0,-22.058823529411764,-0.2504105090311983,922054.0,1391722.0,-33.74725699529073,1212.0,8928357.0,966.0,7100718.0,0.2673414612196064,1.1014176663031623,9.839259620068193,4533528.0,110040.0,12318.0,32.82000000000001,2026-03-29,2026-06-26,2026-06-29T13:12:05+00:00,https://card.wb.ru/cards/v4/detail
7.0,9.0,37,1032349251,https://www.wildberries.ru/catalog/1032349251/detail.aspx,231.0,2026-05-15,45,2026-05-15T15:03:25.654525Z,2026-06-25T16:22:25.669426Z,2046630038,Портативный блендер для смузи и коктейлей,ok,https://basket-41.wbbasket.ru/vol10323/part1032349/1032349251/info/ru/card.json,ok,4.9,Портативный блендер для смузи и коктейлей,,68.53031914893617,declining,441.0,534.0,-17.41573033707865,208.0,233.0,-10.729613733905571,-0.6833607006020799,1066623.0,1326132.0,-19.56886644768394,1420.0,3553263.0,1057.0,2661808.0,3.149676160056783,1.7153487473122175,8.196248196248195,450840.0,82782.0,17325.0,39.965,2026-03-29,2026-06-26,2026-06-29T13:12:05+00:00,https://card.wb.ru/cards/v4/detail
8.0,23.0,19,874385114,https://www.wildberries.ru/catalog/874385114/detail.aspx,298.0,2026-03-09,112,2026-03-09T10:21:52.686356Z,2026-06-01T09:55:20.322485Z,996456474,Блендер погружной мощный 4в1,ok,https://basket-39.wbbasket.ru/vol8743/part874385/874385114/info/ru/card.json,ok,4.8,Блендер погружной мощный 4в1,TOMMY ARIKO,54.29287234042553,declining,221.0,342.0,-35.380116959064324,94.0,127.0,-25.984251968503933,-0.6981390257252321,649302.0,1004810.0,-35.38061922154437,3470.0,10217890.0,2986.0,8793646.0,0.7129893300222135,2.5134909999637824,17.802175251385183,4866833.0,138055.0,19492.0,56.298,2026-03-29,2026-06-26,2026-06-29T13:12:05+00:00,https://card.wb.ru/cards/v4/detail
10.0,1.0,39,1088308702,https://www.wildberries.ru/catalog/1088308702/detail.aspx,403.0,2026-05-26,34,2026-05-26T10:21:26.792906Z,2026-06-25T13:25:23.270083Z,1094330875,Погружной блендер кухонный 4 в 1,ok,https://basket-42.wbbasket.ru/vol10883/part1088308/1088308702/info/ru/card.json,ok,4.9,Погружной блендер кухонный 4 в 1,,87.02670212765958,growing,759.0,169.0,349.11242603550295,400.0,359.0,11.42061281337048,2.646962233169129,2209020.0,441540.0,400.2989536621824,928.0,2650560.0,634.0,1782690.0,2.0609398596428887,2.994321115126484,22.431713802272174,450280.0,30992.0,4137.0,39.739999999999995,2026-03-29,2026-06-26,2026-06-29T13:12:05+00:00,https://card.wb.ru/cards/v4/detail
9.0,4.0,20,897114209,https://www.wildberries.ru/catalog/897114209/detail.aspx,403.0,2026-03-18,103,2026-03-18T21:28:57.430993Z,2026-06-25T13:25:23.27003Z,1094330875,Блендер погружной мощный 5 в 1 с чашей и капучинатором,ok,https://basket-39.wbbasket.ru/vol8971/part897114/897114209/info/ru/card.json,ok,4.9,Блендер погружной мощный 5 в 1 с чашей и капучинатором,,72.43670212765959,stable_positive,334.0,313.0,6.709265175718859,147.0,187.0,-21.3903743315508,0.0604816639299399,1162871.0,1058382.0,9.872522397395269,1998.0,6784558.0,1662.0,5632071.0,1.187820029213952,2.7990641767417097,20.572487644151565,1682073.0,71381.0,9712.0,56.249,2026-03-29,2026-06-26,2026-06-29T13:12:05+00:00,https://card.wb.ru/cards/v4/detail
11.0,10.0,43,692973678,https://www.wildberries.ru/catalog/692973678/detail.aspx,454.0,2025-12-08,203,2025-12-08T12:16:42.667153Z,2026-06-22T14:50:54.110588Z,693879387,"Блендер-суповарка с нагревом DEMIAND DeMixi 7 в 1, белый",ok,https://basket-33.wbbasket.ru/vol6929/part692973/692973678/info/ru/card.json,ok,4.9,"Блендер-суповарка с нагревом DeMixi 7 в 1, белый",DEMIAND,66.55053191489361,declining,128.0,153.0,-16.33986928104575,73.0,55.0,32.72727272727274,-0.1135741652983031,2501310.0,2976500.0,-15.964723668738456,992.0,19274719.0,633.0,12146785.0,0.6090459283253631,0.4867684365998832,4.524928157642658,1628777.0,203793.0,21923.0,36.553,2026-03-29,2026-06-26,2026-06-29T13:12:05+00:00,https://card.wb.ru/cards/v4/detail
12.0,6.0,36,618438907,https://www.wildberries.ru/catalog/618438907/detail.aspx,565.0,2025-11-14,227,2025-11-14T17:14:00.085653Z,2026-06-29T08:35:21.05299Z,634186171,Блендер погружной мощный 8в1 для измельчения и смешивания,ok,https://basket-31.wbbasket.ru/vol6184/part618438/618438907/info/ru/card.json,ok,5.0,Блендер погружной мощный 8в1 для измельчения и смешивания,LUMERO,71.43808510638297,stable_positive,262.0,245.0,6.938775510204076,133.0,129.0,3.100775193798455,0.0221674876847292,1943449.0,1813319.0,7.176343489479797,1106.0,8137322.0,937.0,6884705.0,0.3623371202913374,1.192272864473287,9.84160882719345,3052406.0,92764.0,11238.0,43.071,2026-03-29,2026-06-26,2026-06-29T13:12:05+00:00,https://card.wb.ru/cards/v4/detail
13.0,26.0,46,923532421,https://www.wildberries.ru/catalog/923532421/detail.aspx,601.0,2026-03-30,91,2026-03-30T05:38:10.718913Z,2026-06-22T19:57:37.616342Z,2234441453,Блендер для смузи и коктейлей портативный беспроводной,ok,https://basket-40.wbbasket.ru/vol9235/part923532/923532421/info/ru/card.json,ok,4.9,Блендер для смузи и коктейлей портативный беспроводной,Kenneth,50.92563829787235,declining,192.0,266.0,-27.819548872180455,67.0,125.0,-46.4,-0.3289545703338804,738358.0,1011592.0,-27.010296641333664,846.0,3263596.0,684.0,2639046.0,0.862605149120571,1.9302728849137536,18.972863870823055,980750.0,43828.0,4459.0,32.452999999999996,2026-03-29,2026-06-26,2026-06-29T13:12:05+00:00,https://card.wb.ru/cards/v4/detail
14.0,2.0,25,460767433,https://www.wildberries.ru/catalog/460767433/detail.aspx,616.0,2025-07-08,356,2025-07-08T06:12:46.5381Z,2026-06-11T14:09:28.65589Z,459716739,Блендер погружной 4 в 1 с венчиком и измельчителем,ok,https://basket-26.wbbasket.ru/vol4607/part460767/460767433/info/ru/card.json,ok,4.8,Блендер погружной 4 в 1 с венчиком и измельчителем,,77.0781914893617,growing,537.0,331.0,62.23564954682779,240.0,297.0,-19.19191919191919,0.7881773399014778,1282547.0,790767.0,62.19025326044208,1878.0,4624222.0,1536.0,3792049.0,1.6876727101166005,4.411350183219017,24.421326397919376,1112775.0,42572.0,7690.0,53.1,2026-03-29,2026-06-26,2026-06-29T13:12:05+00:00,https://card.wb.ru/cards/v4/detail
15.0,20.0,31,708374336,https://www.wildberries.ru/catalog/708374336/detail.aspx,636.0,2025-12-16,195,2025-12-16T10:45:09.126131Z,2026-03-12T03:32:02.535576Z,724173790,"Блендер погружной ручной с насадками, 2000Вт",ok,https://basket-34.wbbasket.ru/vol7083/part708374/708374336/info/ru/card.json,ok,4.8,"Блендер погружной ручной с насадками, 2000Вт",Home One,57.22074468085106,declining,712.0,986.0,-27.789046653144013,284.0,428.0,-33.64485981308412,-1.338806787082648,2245223.0,2935595.0,-23.51727673606202,1800.0,5497888.0,1437.0,4362336.0,0.5610710222402319,3.5622402533148625,21.079751727368546,3208150.0,50530.0,8539.0,47.182,2026-03-29,2026-06-26,2026-06-29T13:12:05+00:00,https://card.wb.ru/cards/v4/detail
16.0,21.0,7,495982950,https://www.wildberries.ru/catalog/495982950/detail.aspx,658.0,2025-08-14,319,2025-08-14T17:33:02.853634Z,2026-03-09T23:33:57.470437Z,503303368,Блендер погружной для измельчения и смешивания,ok,https://basket-27.wbbasket.ru/vol4959/part495982/495982950/info/ru/card.json,ok,4.8,Блендер погружной для измельчения и смешивания,,55.40829787234043,declining,454.0,626.0,-27.47603833865815,194.0,260.0,-25.384615384615383,-1.1143951833606998,1133430.0,1563119.0,-27.489205876200085,3271.0,8137165.0,2847.0,7079622.0,2.308459930470965,4.5911349409089635,25.600688737575332,1416962.0,71246.0,12777.0,65.53200000000001,2026-03-29,2026-06-26,2026-06-29T13:12:05+00:00,https://card.wb.ru/cards/v4/detail
17.0,16.0,32,678869210,https://www.wildberries.ru/catalog/678869210/detail.aspx,730.0,2025-12-02,209,2025-12-02T11:28:38.113735Z,2026-06-06T06:40:25.797557Z,693879387,"Блендер-суповарка с нагревом DEMIAND DeMixi 7 в 1, черный",ok,https://basket-33.wbbasket.ru/vol6788/part678869/678869210/info/ru/card.json,ok,4.9,"Блендер-суповарка с нагревом DeMixi 7 в 1, черный",DEMIAND,61.97585106382978,declining,197.0,210.0,-6.190476190476191,84.0,113.0,-25.663716814159287,-0.02991452991453,3838700.0,4030856.0,-4.767126387050292,1382.0,26376411.0,1093.0,20734628.0,0.5553936885254137,0.6216600392248592,5.311707279575678,2488325.0,222308.0,26018.0,46.778,2026-03-28,2026-06-25,2026-06-29T13:12:05+00:00,https://card.wb.ru/cards/v4/detail
18.0,37.0,50,960472797,https://www.wildberries.ru/catalog/960472797/detail.aspx,744.0,2026-04-12,78,2026-04-12T21:28:42.709644Z,2026-06-26T15:34:02.225082Z,561399930,Блендер стационарный мощный для смузи коктейлей измельчения,ok,https://basket-40.wbbasket.ru/vol9604/part960472/960472797/info/ru/card.json,ok,5.0,Блендер стационарный мощный для смузи коктейлей измельчения,,37.323404255319154,declining,75.0,144.0,-47.916666666666664,17.0,58.0,-70.6896551724138,-0.4036672140120412,641356.0,1163313.0,-44.86814812522512,495.0,4003048.0,393.0,3172423.0,0.4610569847804623,1.060070671378092,9.666080843585236,1073620.0,46695.0,5121.0,15.065,2026-03-29,2026-06-26,2026-06-29T13:12:05+00:00,https://card.wb.ru/cards/v4/detail
19.0,8.0,22,844743357,https://www.wildberries.ru/catalog/844743357/detail.aspx,855.0,2026-02-23,126,2026-02-23T12:04:08.026913Z,2026-06-19T12:58:41.241824Z,426518333,Блендер портативный для смузи и коктейлей,ok,https://basket-38.wbbasket.ru/vol8447/part844743/844743357/info/ru/card.json,ok,4.9,Блендер портативный для смузи и коктейлей,UNIQUENITY,68.5809574468085,stable_positive,805.0,803.0,0.249066002490661,374.0,431.0,-13.225058004640369,0.0071154898741112,1569757.0,1573655.0,-0.2477035944981609,3373.0,7303147.0,2626.0,5716589.0,1.7371563476764182,3.382403080563968,20.437469704314108,1941679.0,99722.0,16504.0,55.45,2026-03-29,2026-06-26,2026-06-29T13:12:05+00:00,https://card.wb.ru/cards/v4/detail
20.0,11.0,2,554546424,https://www.wildberries.ru/catalog/554546424/detail.aspx,993.0,2025-10-05,267,2025-10-05T11:27:39.046513Z,2026-06-22T11:51:10.873822Z,583423482,Блендер погружной мощный с чашей и стаканом 4в1,ok,https://basket-29.wbbasket.ru/vol5545/part554546/554546424/info/ru/card.json,ok,4.8,Блендер погружной мощный с чашей и стаканом 4в1,Bocsh,66.19351063829787,declining,582.0,595.0,-2.1848739495798353,280.0,302.0,-7.284768211920534,-0.1425834701696759,1655212.0,1692188.0,-2.1851000007091392,5695.0,16264674.0,4919.0,14045757.0,2.4948941192344725,3.243461818844542,22.15867086883779,2282662.0,175584.0,25701.0,77.817,2026-03-29,2026-06-26,2026-06-29T13:12:05+00:00,https://card.wb.ru/cards/v4/detail
21.0,5.0,6,525020543,https://www.wildberries.ru/catalog/525020543/detail.aspx,1062.0,2025-09-08,294,2025-09-08T09:35:07.210301Z,2026-06-29T10:24:05.744578Z,532593361,Блендер стационарный с кофемолкой 1200 Вт,ok,https://basket-28.wbbasket.ru/vol5250/part525020/525020543/info/ru/card.json,ok,4.6,Блендер стационарный с кофемолкой 1200 Вт,GT,72.11106382978724,growing,495.0,335.0,47.76119402985075,312.0,183.0,70.49180327868851,0.6371100164203615,1162070.0,770174.0,50.88408593382794,4511.0,10479346.0,3832.0,8868184.0,2.9575615164272184,4.982548378545551,25.3170950723987,1525243.0,90536.0,17818.0,65.882,2026-03-29,2026-06-26,2026-06-29T13:12:05+00:00,https://card.wb.ru/cards/v4/detail
22.0,39.0,29,262919877,https://www.wildberries.ru/catalog/262919877/detail.aspx,1136.0,2024-09-20,647,2024-09-20T08:50:32.247121Z,2026-06-06T08:52:59.444231Z,252574498,Блендер для коктейлей и смузи стационарный HB4,ok,https://basket-17.wbbasket.ru/vol2629/part262919/262919877/info/ru/card.json,ok,4.4,Блендер для коктейлей и смузи стационарный HB4,Futula,31.973617021276603,declining,65.0,458.0,-85.80786026200873,19.0,46.0,-58.69565217391304,-1.6614668856048154,179424.0,1244439.0,-85.58193692097403,2636.0,7267946.0,2226.0,6129777.0,2.0747067587744117,2.597965780966648,20.504044803982577,1270541.0,101464.0,12856.0,50.383,2026-03-29,2026-06-26,2026-06-29T13:12:05+00:00,https://card.wb.ru/cards/v4/detail
23.0,17.0,30,291877224,https://www.wildberries.ru/catalog/291877224/detail.aspx,1277.0,2024-11-26,580,2024-11-26T10:48:01.932629Z,2026-04-20T11:18:00.524604Z,272258731,"Блендер погружной мощный, кухонный комбайн для смузи",ok,https://basket-18.wbbasket.ru/vol2918/part291877/291877224/info/ru/card.json,ok,4.7,"Блендер погружной мощный, кухонный комбайн для смузи",Mojo,61.901170212765955,growing,292.0,238.0,22.68907563025211,131.0,161.0,-18.633540372670808,0.137383689107827,1369935.0,1155744.0,18.53273735360079,1501.0,7245072.0,1263.0,6128504.0,1.0163950411298033,1.2780559245257317,17.849922701867047,1476788.0,117444.0,8409.0,50.28299999999999,2026-03-29,2026-06-26,2026-06-29T13:12:05+00:00,https://card.wb.ru/cards/v4/detail
24.0,13.0,9,316171067,https://www.wildberries.ru/catalog/316171067/detail.aspx,1523.0,2025-01-20,525,2025-01-20T11:04:09.99661Z,2026-06-19T18:59:27.85049Z,200103221,Блендер погружной измельчитель мощный электрический,ok,https://basket-19.wbbasket.ru/vol3161/part316171/316171067/info/ru/card.json,ok,4.9,Блендер погружной измельчитель мощный электрический,FELFRI,63.06372340425531,growing,400.0,332.0,20.481927710843383,187.0,213.0,-12.20657276995305,0.2993979200875752,1237330.0,1055453.0,17.232126868747354,2226.0,7459391.0,2009.0,6726804.0,1.0793418051482568,3.8641808144984897,23.992239706833367,2062368.0,57606.0,9278.0,63.892,2026-03-29,2026-06-26,2026-06-29T13:12:05+00:00,https://card.wb.ru/cards/v4/detail
25.0,35.0,47,476029226,https://www.wildberries.ru/catalog/476029226/detail.aspx,1527.0,2025-07-23,341,2025-07-23T11:26:33.860416Z,2026-06-29T08:24:16.04088Z,676253599,Блендер погружной мощный 8 в 1 для измельчения и смешивания,ok,https://basket-26.wbbasket.ru/vol4760/part476029/476029226/info/ru/card.json,ok,4.9,Блендер погружной мощный 8 в 1 для измельчения и смешивания,Luxento,41.75627659574469,declining,129.0,189.0,-31.746031746031743,64.0,65.0,-1.538461538461533,-0.3448275862068962,942181.0,1371196.0,-31.287649613913693,721.0,5258199.0,645.0,4705747.0,0.3399456935575812,1.307177692767917,11.548934806983825,2120927.0,55157.0,6243.0,31.205000000000005,2026-03-29,2026-06-26,2026-06-29T13:12:05+00:00,https://card.wb.ru/cards/v4/detail
26.0,32.0,5,262683065,https://www.wildberries.ru/catalog/262683065/detail.aspx,1812.0,2024-09-19,648,2024-09-19T12:30:59.100589Z,2026-05-25T08:32:27.487376Z,240317889,Блендер для смузи стационарный 2 в 1 мощный,ok,https://basket-17.wbbasket.ru/vol2626/part262683/262683065/info/ru/card.json,ok,4.5,Блендер для смузи стационарный 2 в 1 мощный,ARIGATO,45.12382978723404,declining,988.0,1369.0,-27.83053323593864,299.0,689.0,-56.60377358490566,-1.9548440065681405,2619916.0,3062405.0,-14.44906862416957,6139.0,15590687.0,4743.0,11981798.0,2.395461460931034,4.108773057050303,20.231347218560504,2562763.0,149412.0,30344.0,69.558,2026-03-29,2026-06-26,2026-06-29T13:12:05+00:00,https://card.wb.ru/cards/v4/detail
27.0,24.0,24,445935924,https://www.wildberries.ru/catalog/445935924/detail.aspx,1829.0,2025-06-19,375,2025-06-19T08:11:14.287637Z,2026-06-25T09:21:15.598931Z,606155304,Блендер стационарный мощный для смузи коктейлей измельчения,ok,https://basket-25.wbbasket.ru/vol4459/part445935/445935924/info/ru/card.json,ok,4.7,Блендер стационарный мощный для смузи коктейлей измельчения,FELFRI,52.436382978723394,growing,310.0,239.0,29.707112970711293,103.0,207.0,-50.24154589371981,0.1874657909140671,1250017.0,954855.0,30.911709107665565,1565.0,6892360.0,1440.0,6327524.0,0.3418576391202222,1.7923199376982717,12.90189612530915,4577929.0,87317.0,12130.0,53.501,2026-03-29,2026-06-26,2026-06-29T13:12:05+00:00,https://card.wb.ru/cards/v4/detail
28.0,12.0,3,767075015,https://www.wildberries.ru/catalog/767075015/detail.aspx,1871.0,2026-01-19,161,2026-01-19T14:11:15.726171Z,2026-06-24T12:02:37.617531Z,790067487,Блендер портативный для смузи и коктейлей 2 в 1,ok,https://basket-35.wbbasket.ru/vol7670/part767075/767075015/info/ru/card.json,ok,4.9,Блендер портативный для смузи и коктейлей 2 в 1,,64.63148936170214,recovering_from_decline,1943.0,1999.0,-2.801400700350176,893.0,1050.0,-14.95238095238095,0.5457875457875451,3401692.0,3746051.0,-9.192587073694405,11211.0,22396658.0,8936.0,17984919.0,2.521379208595944,3.645652110289838,24.017738549209476,4446376.0,307517.0,46678.0,77.205,2026-03-28,2026-06-25,2026-06-29T13:12:05+00:00,https://card.wb.ru/cards/v4/detail
30.0,28.0,26,845020313,https://www.wildberries.ru/catalog/845020313/detail.aspx,1871.0,2026-02-23,126,2026-02-23T16:16:12.109749Z,2026-06-24T12:02:37.617645Z,790067487,Блендер портативный для смузи и коктейлей 2 в 1,ok,https://basket-38.wbbasket.ru/vol8450/part845020/845020313/info/ru/card.json,ok,4.9,Блендер портативный для смузи и коктейлей 2 в 1,,48.98648936170213,declining,521.0,627.0,-16.905901116427437,261.0,260.0,0.3846153846153832,-0.4898741105637653,1096395.0,1401491.0,-21.769387031383005,3313.0,7888520.0,2574.0,6167655.0,2.0804107319805536,2.319573192931358,22.561972214655405,1592474.0,142828.0,14684.0,53.075,2026-03-29,2026-06-26,2026-06-29T13:12:05+00:00,https://card.wb.ru/cards/v4/detail
29.0,29.0,8,827570318,https://www.wildberries.ru/catalog/827570318/detail.aspx,1871.0,2026-02-14,135,2026-02-14T22:28:05.469196Z,2026-06-24T12:02:37.61756Z,790067487,Блендер портативный для смузи и коктейлей 2 в 1,ok,https://basket-37.wbbasket.ru/vol8275/part827570/827570318/info/ru/card.json,ok,4.9,Блендер портативный для смузи и коктейлей 2 в 1,,48.43648936170213,declining,1057.0,1345.0,-21.41263940520446,470.0,587.0,-19.93185689948893,-1.5139573070607528,1926873.0,2544631.0,-24.276918735958176,6100.0,11954475.0,5018.0,9855267.0,2.937310098086896,3.5672306009906376,28.521999345396736,2076730.0,171001.0,21387.0,64.778,2026-03-29,2026-06-26,2026-06-29T13:12:05+00:00,https://card.wb.ru/cards/v4/detail
31.0,25.0,13,291892830,https://www.wildberries.ru/catalog/291892830/detail.aspx,2052.0,2024-11-26,580,2024-11-26T11:11:50.787844Z,2026-06-03T11:12:20.915544Z,272258731,"Блендер погружной мощный, кухонный комбайн для смузи",ok,https://basket-18.wbbasket.ru/vol2918/part291892/291892830/info/ru/card.json,ok,4.7,"Блендер погружной мощный, кухонный комбайн для смузи",Mojo,52.00159574468085,declining,529.0,557.0,-5.0269299820466795,218.0,311.0,-29.903536977491964,-0.0457875457875457,3071407.0,3173588.0,-3.219731105612955,3055.0,17723860.0,2471.0,14374781.0,0.4879624222614367,1.520051746442432,14.974022154690717,6260728.0,200980.0,20402.0,58.828,2026-03-28,2026-06-25,2026-06-29T13:12:05+00:00,https://card.wb.ru/cards/v4/detail
32.0,18.0,34,306190443,https://www.wildberries.ru/catalog/306190443/detail.aspx,2122.0,2024-12-23,553,2024-12-23T14:53:14.577141Z,2026-06-18T09:54:08.19399Z,391886783,Блендер погружной кухонный комбайн с кубикорезом 12 в 1,ok,https://basket-19.wbbasket.ru/vol3061/part306190/306190443/info/ru/card.json,ok,4.8,Блендер погружной кухонный комбайн с кубикорезом 12 в 1,FELFRI,58.43914893617021,growing,325.0,239.0,35.98326359832635,172.0,153.0,12.418300653594772,0.4696223316912974,2291305.0,1814786.0,26.257586293921165,1382.0,11120551.0,1164.0,9439656.0,0.701950426655831,1.7143849550935346,13.280799538727658,1968800.0,80612.0,10406.0,46.547,2026-03-29,2026-06-26,2026-06-29T13:12:05+00:00,https://card.wb.ru/cards/v4/detail
33.0,34.0,21,565176983,https://www.wildberries.ru/catalog/565176983/detail.aspx,2206.0,2025-10-13,259,2025-10-13T18:44:45.837781Z,2026-06-22T15:47:38.377643Z,2690385424,Погружной блендер мощный для измельчения без насадок,ok,https://basket-29.wbbasket.ru/vol5651/part565176/565176983/info/ru/card.json,ok,4.9,Погружной блендер мощный для измельчения без насадок,Tech & Design,41.791702127659576,declining,313.0,371.0,-15.633423180592986,152.0,161.0,-5.590062111801242,-0.4630541871921184,829455.0,969786.0,-14.470305820046892,2583.0,6374502.0,2342.0,5760392.0,1.4969600063054298,2.978105219466639,22.82810428634556,1725497.0,86733.0,11315.0,55.657999999999994,2026-03-29,2026-06-26,2026-06-29T13:12:05+00:00,https://card.wb.ru/cards/v4/detail
34.0,38.0,40,251022820,https://www.wildberries.ru/catalog/251022820/detail.aspx,2346.0,2024-08-08,690,2024-08-08T14:35:52.493712Z,2026-06-29T08:30:47.858468Z,658124207,Блендер погружной мощный 8 в 1 для измельчения и смешивания,ok,https://basket-16.wbbasket.ru/vol2510/part251022/251022820/info/ru/card.json,ok,4.9,Блендер погружной мощный 8 в 1 для измельчения и смешивания,Tech & Design,36.21425531914893,declining,122.0,154.0,-20.779220779220775,60.0,62.0,-3.2258064516129004,-0.1510673234811164,893407.0,1132785.0,-21.131812303305576,1018.0,7444765.0,927.0,6779985.0,0.4475699108157599,1.191270259200749,11.9750617574403,2274505.0,85455.0,8501.0,39.690999999999995,2026-03-29,2026-06-26,2026-06-29T13:12:05+00:00,https://card.wb.ru/cards/v4/detail
35.0,22.0,27,100204048,https://www.wildberries.ru/catalog/100204048/detail.aspx,2456.0,2022-09-15,1383,2022-09-15T10:58:50.130679Z,2026-05-19T10:12:37.939192Z,1249230094,"Погружной блендер рубит в кубик, кухонный комбайн 1800Вт",ok,https://basket-05.wbbasket.ru/vol1002/part100204/100204048/info/ru/card.json,ok,4.8,"Погружной блендер рубит в кубик, кухонный комбайн 1800Вт",Pioneer,54.606808510638295,growing,194.0,131.0,48.091603053435115,139.0,55.0,152.72727272727275,0.3910782703886152,1732621.0,1270146.0,36.41116847984405,1539.0,13544911.0,1303.0,11454175.0,0.9131206357550512,1.500731350560702,11.449189108763576,1685429.0,102550.0,13442.0,52.908,2026-03-29,2026-06-26,2026-06-29T13:12:05+00:00,https://card.wb.ru/cards/v4/detail
36.0,36.0,12,706082247,https://www.wildberries.ru/catalog/706082247/detail.aspx,2579.0,2025-12-15,196,2025-12-15T08:55:47.015289Z,2026-06-24T08:14:07.758275Z,1670099544,Блендер ручной погружной Bt HB721SS Черно-серый,ok,https://basket-33.wbbasket.ru/vol7060/part706082/706082247/info/ru/card.json,ok,4.7,Блендер ручной погружной Bt HB721SS Черно-серый,Blackton,37.759361702127656,declining,1122.0,1362.0,-17.62114537444934,390.0,732.0,-46.721311475409834,-1.6524356869184442,1094677.0,1265890.0,-13.525108816721833,7212.0,6580626.0,5903.0,5367883.0,3.1916531984684315,4.408474638434172,29.224410406029666,2259644.0,163594.0,24678.0,61.74799999999999,2026-03-29,2026-06-26,2026-06-29T13:12:05+00:00,https://card.wb.ru/cards/v4/detail
37.0,27.0,18,232842874,https://www.wildberries.ru/catalog/232842874/detail.aspx,2667.0,2024-05-22,768,2024-05-22T12:41:13.732362Z,2026-05-06T08:33:27.150004Z,422295831,Блендер стационарный настольный для смузи CT-1304,ok,https://basket-15.wbbasket.ru/vol2328/part232842/232842874/info/ru/card.json,ok,4.4,Блендер стационарный настольный для смузи CT-1304,Centek,50.38691489361702,stable_positive,370.0,361.0,2.4930747922437657,193.0,177.0,9.039548022598876,0.0719759168035033,1577313.0,1538944.0,2.4932031314979675,2197.0,9339906.0,1604.0,6814560.0,1.277311471559326,2.3545172007287536,18.83896415709141,1720019.0,93310.0,11662.0,57.111,2026-03-29,2026-06-26,2026-06-29T13:12:05+00:00,https://card.wb.ru/cards/v4/detail
38.0,45.0,41,411849417,https://www.wildberries.ru/catalog/411849417/detail.aspx,2836.0,2025-05-06,419,2025-05-06T16:20:15.380184Z,2026-06-10T13:03:21.337699Z,1208250931,Погружной блендер 7в1 кухонный комбайн,ok,https://basket-23.wbbasket.ru/vol4118/part411849/411849417/info/ru/card.json,ok,4.9,Погружной блендер 7в1 кухонный комбайн,GORIZZ,24.494468085106384,declining,106.0,157.0,-32.484076433121025,37.0,69.0,-46.37681159420289,-0.332512315270936,745922.0,1104812.0,-32.48425976546236,994.0,6711947.0,895.0,6038626.0,0.8680858793692492,1.815525114155251,14.760914760914762,1145048.0,54750.0,6734.0,39.447,2026-03-29,2026-06-26,2026-06-29T13:12:05+00:00,https://card.wb.ru/cards/v4/detail
39.0,31.0,17,169884281,https://www.wildberries.ru/catalog/169884281/detail.aspx,3401.0,2023-07-21,1074,2023-07-21T10:15:08.523101Z,2026-06-23T12:46:14.292152Z,141306040,Блендер погружной измельчитель 3 в 1 SC-HB42F35,ok,https://basket-12.wbbasket.ru/vol1698/part169884/169884281/info/ru/card.json,ok,4.8,Блендер погружной измельчитель 3 в 1 SC-HB42F35,Scarlett,46.08702127659574,stable_positive,652.0,573.0,13.787085514834208,237.0,415.0,-42.89156626506024,0.0840175150519983,1213638.0,1123177.0,8.054028884138464,3194.0,6233215.0,2702.0,5284184.0,1.2107941884911624,3.408023900981647,23.431883207394907,2637938.0,93720.0,13631.0,57.178,2026-03-29,2026-06-26,2026-06-29T13:12:05+00:00,https://card.wb.ru/cards/v4/detail
40.0,44.0,28,839592432,https://www.wildberries.ru/catalog/839592432/detail.aspx,3509.0,2026-02-20,129,2026-02-20T08:21:56.392641Z,2026-04-29T06:39:37.747486Z,877556446,Блендер погружной кухонный мощный,ok,https://basket-38.wbbasket.ru/vol8395/part839592/839592432/info/ru/card.json,ok,4.8,Блендер погружной кухонный мощный,AElectronic,25.539574468085103,declining,245.0,398.0,-38.44221105527639,109.0,136.0,-19.852941176470583,-0.8453749315818273,597300.0,970315.0,-38.442670679109355,2463.0,6225797.0,2326.0,5891627.0,1.5802937434354931,4.908427828374419,26.971090670170828,1558571.0,50179.0,9132.0,51.19199999999999,2026-03-29,2026-06-26,2026-06-29T13:12:05+00:00,https://card.wb.ru/cards/v4/detail
41.0,42.0,38,59487187,https://www.wildberries.ru/catalog/59487187/detail.aspx,3812.0,2022-01-19,1622,2022-01-19T17:52:49Z,2026-06-26T05:39:55.141326Z,791989624,Блендер погружной мощный PHB 1476 с измельчителем,ok,https://basket-04.wbbasket.ru/vol594/part59487/59487187/info/ru/card.json,ok,4.9,Блендер погружной мощный PHB 1476 с измельчителем,POLARIS,29.98712765957447,declining,181.0,214.0,-15.420560747663547,66.0,115.0,-42.608695652173914,-0.1278051450465241,869067.0,1019855.0,-14.78523907810424,1095.0,5071370.0,924.0,4262524.0,0.7688947997432803,1.796967309964553,18.682818631632827,1424122.0,60936.0,5861.0,39.904,2026-03-29,2026-06-26,2026-06-29T13:12:05+00:00,https://card.wb.ru/cards/v4/detail
42.0,40.0,10,13433791,https://www.wildberries.ru/catalog/13433791/detail.aspx,4530.0,2020-07-07,2183,2020-07-07T18:14:33Z,2026-04-20T11:18:00.524574Z,272258731,Блендер погружной мощный измельчитель для смузи и коктейлей,ok,https://basket-01.wbbasket.ru/vol134/part13433/13433791/info/ru/card.json,ok,4.7,Блендер погружной мощный измельчитель для смузи и коктейлей,Astix,31.67968085106383,declining,1129.0,1502.0,-24.833555259653796,362.0,767.0,-52.803129074315514,-1.5372405372405396,2522101.0,3149646.0,-19.92430260416568,5097.0,11071499.0,4243.0,9183403.0,1.6114647003235258,2.7577736537119297,20.620600372198396,3162961.0,184823.0,24718.0,63.467,2026-03-28,2026-06-25,2026-06-29T13:12:05+00:00,https://card.wb.ru/cards/v4/detail
43.0,43.0,35,271010502,https://www.wildberries.ru/catalog/271010502/detail.aspx,4635.0,2024-10-16,621,2024-10-16T18:46:57.837518Z,2026-06-18T09:48:05.310981Z,507954219,Блендер погружной мощный кухонный комбайн,ok,https://basket-17.wbbasket.ru/vol2710/part271010/271010502/info/ru/card.json,ok,4.8,Блендер погружной мощный кухонный комбайн,FELFRI,28.98723404255319,declining,239.0,259.0,-7.722007722007717,56.0,183.0,-69.39890710382514,-0.2490421455938693,1322806.0,1449709.0,-8.753687809070643,1191.0,7184169.0,1038.0,6284344.0,0.5598767237010719,2.3260810124604507,15.939507494646682,2127254.0,51202.0,7472.0,44.648,2026-03-29,2026-06-26,2026-06-29T13:12:05+00:00,https://card.wb.ru/cards/v4/detail
44.0,47.0,4,918057411,https://www.wildberries.ru/catalog/918057411/detail.aspx,5363.0,2026-03-27,94,2026-03-27T11:16:24.148866Z,2026-06-29T11:37:55.464039Z,1207894053,Блендер погружной мощный кухонный,ok,https://basket-40.wbbasket.ru/vol9180/part918057/918057411/info/ru/card.json,ok,5.0,Блендер погружной мощный кухонный,,11.179787234042552,declining,96.0,1083.0,-91.13573407202216,32.0,64.0,-50.0,-6.117826617826619,288002.0,3249010.0,-91.13569979778455,7841.0,23636035.0,6939.0,20916025.0,2.234257687046064,5.0858781101626755,26.51225697379543,3509443.0,154172.0,29575.0,70.64300000000001,2026-03-28,2026-06-25,2026-06-29T13:12:05+00:00,https://card.wb.ru/cards/v4/detail
45.0,46.0,16,585130046,https://www.wildberries.ru/catalog/585130046/detail.aspx,7211.0,2025-10-28,244,2025-10-28T15:50:28.860044Z,2026-06-29T10:39:05.148621Z,2850284356,Стационарный блендер для смузи и коктейлей,ok,https://basket-30.wbbasket.ru/vol5851/part585130/585130046/info/ru/card.json,ok,5.0,Стационарный блендер для смузи и коктейлей,Doxel,16.152340425531914,declining,311.0,668.0,-53.4431137724551,55.0,256.0,-78.515625,-1.8095238095238095,1838391.0,3879843.0,-52.61687135278412,3831.0,20217102.0,3040.0,15925023.0,0.9126293755170912,1.7462690649187262,18.285523364039904,4197761.0,219382.0,20951.0,57.962,2026-03-28,2026-06-25,2026-06-29T13:12:05+00:00,https://card.wb.ru/cards/v4/detail
46.0,41.0,23,17661407,https://www.wildberries.ru/catalog/17661407/detail.aspx,18438.0,2020-12-08,2029,2020-12-08T20:25:26Z,2026-06-03T07:37:08.571578Z,13151272,Блендер погружной PHB 1385 ручной с насадками,ok,https://basket-02.wbbasket.ru/vol176/part17661/17661407/info/ru/card.json,ok,4.9,Блендер погружной PHB 1385 ручной с насадками,POLARIS,31.45989361702128,declining,151.0,169.0,-10.650887573964496,92.0,59.0,55.93220338983051,-0.121510673234811,724225.0,831944.0,-12.947866683334452,1859.0,8690085.0,1665.0,7754890.0,0.9658221567603654,2.37596175966872,19.59730128610584,1924785.0,78242.0,9486.0,53.61,2026-03-29,2026-06-26,2026-06-29T13:12:05+00:00,https://card.wb.ru/cards/v4/detail
47.0,33.0,1,158525642,https://www.wildberries.ru/catalog/158525642/detail.aspx,23642.0,2023-04-25,1161,2023-04-25T08:29:46.709327Z,2026-06-26T10:57:18.16925Z,800572915,Блендер погружной измельчитель 3 в 1,ok,https://basket-10.wbbasket.ru/vol1585/part158525/158525642/info/ru/card.json,ok,4.7,Блендер погружной измельчитель 3 в 1,Scarlett,44.14744680851064,recovering_from_decline,1882.0,1986.0,-5.236656596173217,749.0,1133.0,-33.89232127096204,0.2820512820512795,3614942.0,3882682.0,-6.895748866376383,13517.0,26193452.0,11000.0,21384297.0,3.274276689339767,4.6913503120162705,25.128739008384304,4128240.0,288126.0,53791.0,78.565,2026-03-28,2026-06-25,2026-06-29T13:12:05+00:00,https://card.wb.ru/cards/v4/detail
,,11,695425492,https://www.wildberries.ru/catalog/695425492/detail.aspx,,2025-12-09,202,2025-12-09T13:49:53.068924Z,2026-06-29T10:39:31.354161Z,572414155,Стационарный блендер для смузи и коктейлей,ok,https://basket-33.wbbasket.ru/vol6954/part695425/695425492/info/ru/card.json,reviews_missing,,,,,declining,531.0,923.0,-42.47020585048754,208.0,323.0,-35.60371517027864,-1.402930402930404,2666872.0,3732890.0,-28.557444767994767,3426.0,14747795.0,2895.0,12331778.0,1.8513895148451611,1.8519319336634303,20.582757584860317,1850502.0,184996.0,16645.0,63.453,2026-03-28,2026-06-25,2026-06-29T13:12:05+00:00,https://card.wb.ru/cards/v4/detail
,,14,933956465,https://www.wildberries.ru/catalog/933956465/detail.aspx,,2026-04-02,88,2026-04-02T15:38:22.294865Z,2026-06-29T10:39:31.354161Z,572414155,Стационарный блендер для смузи и коктейлей,ok,https://basket-40.wbbasket.ru/vol9339/part933956/933956465/info/ru/card.json,reviews_missing,,,,,declining,563.0,926.0,-39.20086393088553,193.0,370.0,-47.83783783783784,-1.4230769230769238,2409956.0,3648291.0,-33.94287900828087,3460.0,13163580.0,2723.0,10291814.0,0.9043557536890396,1.781980367314566,15.47198497518222,3825928.0,194166.0,22363.0,58.54699999999998,2026-03-28,2026-06-25,2026-06-29T13:12:05+00:00,https://card.wb.ru/cards/v4/detail
,,15,883929252,https://www.wildberries.ru/catalog/883929252/detail.aspx,,2026-03-13,108,2026-03-13T08:57:15.027963Z,2026-06-29T10:39:31.354161Z,572414155,Блендер стационарный для коктейлей и смузи,ok,https://basket-39.wbbasket.ru/vol8839/part883929/883929252/info/ru/card.json,reviews_missing,,,,,declining,674.0,1841.0,-63.38946224877784,154.0,520.0,-70.38461538461537,-5.24053724053724,2469335.0,5295154.0,-53.36613439382499,4338.0,13517473.0,3048.0,9408528.0,1.8910348904219825,2.0242650489967335,18.61163548996053,2293982.0,214300.0,23308.0,58.51,2026-03-28,2026-06-25,2026-06-29T13:12:05+00:00,https://card.wb.ru/cards/v4/detail
