rank,nm_id,product_name,product_url,reviews_count,card_create_date,card_age_days,card_create_datetime,card_update_datetime,card_imt_id,card_imt_name,card_created_status,card_created_source,feedbacks_count_raw,review_rating,wb_product_name,wb_brand,reviews_source,reviews_fetched_at,novelty_relevance_score,demand_score,efficiency_score,quality_score,momentum_score,price_score,orders_total,order_amount_total,buyouts_total,buyout_amount_total,impressions_total,clicks_total,carts_total,orders_per_1000_impressions,ctr_calc,cart_conv_calc,order_conv_calc,buyout_rate_calc,cancel_rate_calc,median_price,avg_position,recent14_orders,orders_growth_14d,impressions_growth_14d,zero_order_day_share,days
1,158525642,Блендер погружной измельчитель 3 в 1,https://www.wildberries.ru/catalog/158525642/detail.aspx,23642.0,2023-04-25,1161,2023-04-25T08:29:46.709327Z,2026-06-26T10:57:18.16925Z,800572915,Блендер погружной измельчитель 3 в 1,ok,https://basket-10.wbbasket.ru/vol1585/part158525/158525642/info/ru/card.json,23642.0,4.7,Блендер погружной измельчитель 3 в 1,Scarlett,https://card.wb.ru/cards/v4/detail,2026-06-29T13:12:05+00:00,78.565,0.98,0.8983999999999999,0.435,0.772,0.37,13517.0,26193452.0,11000.0,21384297.0,4128240.0,288126.0,53791.0,3.274276689339767,6.979390733096913,18.669262753101073,4.6913503120162705,81.37900421691204,15.425020344751053,1434.0,4.5,1882.0,0.0203846153846153,-0.2302567338137119,0.0,90
2,554546424,,https://www.wildberries.ru/catalog/554546424/detail.aspx,993.0,2025-10-05,267,2025-10-05T11:27:39.046513Z,2026-06-22T11:51:10.873822Z,583423482,Блендер погружной мощный с чашей и стаканом 4в1,ok,https://basket-29.wbbasket.ru/vol5545/part554546/554546424/info/ru/card.json,993.0,4.8,Блендер погружной мощный с чашей и стаканом 4в1,Bocsh,https://card.wb.ru/cards/v4/detail,2026-06-29T13:12:05+00:00,77.817,0.8492000000000002,0.7552,0.707,0.614,0.94,5695.0,16264674.0,4919.0,14045757.0,2282662.0,175584.0,25701.0,2.4948941192344725,7.692071800380433,14.637438490978678,3.243461818844542,86.37401229148377,12.010535557506586,2786.5,11.577777777777778,582.0,-0.0213464696223317,-0.4581348488419571,0.0,90
3,767075015,Блендер портативный для смузи и коктейлей 2 в 1,https://www.wildberries.ru/catalog/767075015/detail.aspx,1871.0,2026-01-19,161,2026-01-19T14:11:15.726171Z,2026-06-24T12:02:37.617531Z,790067487,Блендер портативный для смузи и коктейлей 2 в 1,ok,https://basket-35.wbbasket.ru/vol7670/part767075/767075015/info/ru/card.json,1871.0,4.9,Блендер портативный для смузи и коктейлей 2 в 1,,https://card.wb.ru/cards/v4/detail,2026-06-29T13:12:05+00:00,77.205,0.962,0.8248,0.4629999999999999,0.8180000000000001,0.37,11211.0,22396658.0,8936.0,17984919.0,4446376.0,307517.0,46678.0,2.521379208595944,6.91612675131388,15.17899823424396,3.645652110289838,79.70743020247971,13.995183302113997,1434.0,4.666666666666667,1943.0,0.0464289808552103,0.108217698375355,0.0111111111111111,90
4,918057411,Блендер погружной мощный кухонный,https://www.wildberries.ru/catalog/918057411/detail.aspx,5363.0,2026-03-27,94,2026-03-27T11:16:24.148866Z,2026-06-29T11:37:55.464039Z,1207894053,Блендер погружной мощный кухонный,ok,https://basket-40.wbbasket.ru/vol9180/part918057/918057411/info/ru/card.json,5363.0,5.0,Блендер погружной мощный кухонный,,https://card.wb.ru/cards/v4/detail,2026-06-29T13:12:05+00:00,70.64300000000001,0.9248,0.7884,0.6170000000000001,0.114,0.76,7841.0,23636035.0,6939.0,20916025.0,3509443.0,154172.0,29575.0,2.234257687046064,4.393061804964492,19.18312015151908,5.0858781101626755,88.49636525953322,10.572631041958934,2286.0,10.428571428571429,96.0,-0.8929948811443797,-0.8157426618415762,0.1111111111111111,90
5,262683065,,https://www.wildberries.ru/catalog/262683065/detail.aspx,1812.0,2024-09-19,648,2024-09-19T12:30:59.100589Z,2026-05-25T08:32:27.487376Z,240317889,Блендер для смузи стационарный 2 в 1 мощный,ok,https://basket-17.wbbasket.ru/vol2626/part262683/262683065/info/ru/card.json,1812.0,4.5,Блендер для смузи стационарный 2 в 1 мощный,ARIGATO,https://card.wb.ru/cards/v4/detail,2026-06-29T13:12:05+00:00,69.558,0.8468,0.7548,0.321,0.629,0.68,6139.0,15590687.0,4743.0,11981798.0,2562763.0,149412.0,30344.0,2.395461460931034,5.830113826366309,20.308944395363156,4.108773057050303,77.2601400879622,15.018732692620947,2026.5,17.144444444444446,988.0,-0.2754880694143167,0.0174185320187338,0.0,90
6,525020543,,https://www.wildberries.ru/catalog/525020543/detail.aspx,1062.0,2025-09-08,294,2025-09-08T09:35:07.210301Z,2026-06-29T10:24:05.744578Z,532593361,Блендер стационарный с кофемолкой 1200 Вт,ok,https://basket-28.wbbasket.ru/vol5250/part525020/525020543/info/ru/card.json,1062.0,4.6,Блендер стационарный с кофемолкой 1200 Вт,GT,https://card.wb.ru/cards/v4/detail,2026-06-29T13:12:05+00:00,65.882,0.6812,0.8240000000000001,0.4559999999999999,0.6399999999999999,0.5,4511.0,10479346.0,3832.0,8868184.0,1525243.0,90536.0,17818.0,2.9575615164272184,5.935841043033799,19.680569055403375,4.982548378545551,84.94790512081578,16.049656395477722,1744.0,21.244444444444444,495.0,0.4584527220630372,-0.4924952665098399,0.0,90
7,495982950,,https://www.wildberries.ru/catalog/495982950/detail.aspx,658.0,2025-08-14,319,2025-08-14T17:33:02.853634Z,2026-03-09T23:33:57.470437Z,503303368,Блендер погружной для измельчения и смешивания,ok,https://basket-27.wbbasket.ru/vol4959/part495982/495982950/info/ru/card.json,658.0,4.8,Блендер погружной для измельчения и смешивания,,https://card.wb.ru/cards/v4/detail,2026-06-29T13:12:05+00:00,65.53200000000001,0.5612,0.776,0.885,0.481,0.6,3271.0,8137165.0,2847.0,7079622.0,1416962.0,71246.0,12777.0,2.308459930470965,5.028081204718263,17.93363837969851,4.5911349409089635,87.03760317945583,9.202078874961789,1964.0,12.755555555555556,454.0,-0.26875,-0.5753512202882173,0.0,90
8,827570318,,https://www.wildberries.ru/catalog/827570318/detail.aspx,1871.0,2026-02-14,135,2026-02-14T22:28:05.469196Z,2026-06-24T12:02:37.61756Z,790067487,Блендер портативный для смузи и коктейлей 2 в 1,ok,https://basket-37.wbbasket.ru/vol8275/part827570/827570318/info/ru/card.json,1871.0,4.9,Блендер портативный для смузи и коктейлей 2 в 1,,https://card.wb.ru/cards/v4/detail,2026-06-29T13:12:05+00:00,64.778,0.7948,0.764,0.434,0.53,0.34,6100.0,11954475.0,5018.0,9855267.0,2076730.0,171001.0,21387.0,2.937310098086896,8.234146952179628,12.506944403833897,3.5672306009906376,82.26229508196722,12.524590163934429,1386.0,6.7444444444444445,1057.0,-0.2119205298013244,-0.2380317761441784,0.1777777777777777,90
9,316171067,,https://www.wildberries.ru/catalog/316171067/detail.aspx,1523.0,2025-01-20,525,2025-01-20T11:04:09.99661Z,2026-06-19T18:59:27.85049Z,200103221,Блендер погружной измельчитель мощный электрический,ok,https://basket-19.wbbasket.ru/vol3161/part316171/316171067/info/ru/card.json,1523.0,4.9,Блендер погружной измельчитель мощный электрический,FELFRI,https://card.wb.ru/cards/v4/detail,2026-06-29T13:12:05+00:00,63.892,0.5032000000000001,0.6128000000000001,0.8160000000000001,0.648,0.9,2226.0,7459391.0,2009.0,6726804.0,2062368.0,57606.0,9278.0,1.0793418051482568,2.793196946422753,16.105961184598826,3.8641808144984897,90.25157232704404,11.769991015274034,2561.0,11.933333333333334,400.0,0.1965317919075144,-0.3976528384279476,0.0,90
10,13433791,,https://www.wildberries.ru/catalog/13433791/detail.aspx,4530.0,2020-07-07,2183,2020-07-07T18:14:33Z,2026-04-20T11:18:00.524574Z,272258731,Блендер погружной мощный измельчитель для смузи и коктейлей,ok,https://basket-01.wbbasket.ru/vol134/part13433/13433791/info/ru/card.json,4530.0,4.7,Блендер погружной мощный измельчитель для смузи и коктейлей,Astix,https://card.wb.ru/cards/v4/detail,2026-06-29T13:12:05+00:00,63.467,0.7992,0.6083999999999999,0.487,0.572,0.44,5097.0,11071499.0,4243.0,9183403.0,3162961.0,184823.0,24718.0,1.6114647003235258,5.843353743533354,13.373876627908864,2.7577736537119297,83.24504610555229,12.63488326466549,1567.0,16.211111111111112,1129.0,-0.18875583519383,-0.2694027757397736,0.0,90
11,695425492,,https://www.wildberries.ru/catalog/695425492/detail.aspx,,2025-12-09,202,2025-12-09T13:49:53.068924Z,2026-06-29T10:39:31.354161Z,572414155,Стационарный блендер для смузи и коктейлей,ok,https://basket-33.wbbasket.ru/vol6954/part695425/695425492/info/ru/card.json,,,,,https://card.wb.ru/cards/v4/detail,2026-06-29T13:12:05+00:00,63.453,0.7467999999999999,0.5432,0.5660000000000001,0.523,0.74,3426.0,14747795.0,2895.0,12331778.0,1850502.0,184996.0,16645.0,1.8513895148451611,9.99707106504073,8.997491837661356,1.8519319336634303,84.50087565674255,13.660245183887914,3315.0,9.577777777777778,531.0,-0.3747639766850012,-0.228673618804213,0.0,90
12,706082247,,https://www.wildberries.ru/catalog/706082247/detail.aspx,2579.0,2025-12-15,196,2025-12-15T08:55:47.015289Z,2026-06-24T08:14:07.758275Z,1670099544,Блендер ручной погружной Bt HB721SS Черно-серый,ok,https://basket-33.wbbasket.ru/vol7060/part706082/706082247/info/ru/card.json,2579.0,4.7,Блендер ручной погружной Bt HB721SS Черно-серый,Blackton,https://card.wb.ru/cards/v4/detail,2026-06-29T13:12:05+00:00,61.74799999999999,0.6727999999999998,0.7904,0.416,0.6399999999999998,0.26,7212.0,6580626.0,5903.0,5367883.0,2259644.0,163594.0,24678.0,3.1916531984684315,7.239812997091577,15.084905314375831,4.408474638434172,81.84969495285635,14.073765945646146,681.0,30.6,1122.0,-0.1744186046511628,0.0674961102374082,0.0,90
13,291892830,,https://www.wildberries.ru/catalog/291892830/detail.aspx,2052.0,2024-11-26,580,2024-11-26T11:11:50.787844Z,2026-06-03T11:12:20.915544Z,272258731,"Блендер погружной мощный, кухонный комбайн для смузи",ok,https://basket-18.wbbasket.ru/vol2918/part291892/291892830/info/ru/card.json,2052.0,4.7,"Блендер погружной мощный, кухонный комбайн для смузи",Mojo,https://card.wb.ru/cards/v4/detail,2026-06-29T13:12:05+00:00,58.828,0.7948000000000001,0.2472,0.664,0.778,0.32,3055.0,17723860.0,2471.0,14374781.0,6260728.0,200980.0,20402.0,0.4879624222614367,3.2101698077284304,10.15125883172455,1.520051746442432,80.88379705400982,10.965630114566286,4263.0,18.566666666666663,529.0,0.0222282096187525,1.8201008923564592,0.0,90
14,933956465,,https://www.wildberries.ru/catalog/933956465/detail.aspx,,2026-04-02,88,2026-04-02T15:38:22.294865Z,2026-06-29T10:39:31.354161Z,572414155,Стационарный блендер для смузи и коктейлей,ok,https://basket-40.wbbasket.ru/vol9339/part933956/933956465/info/ru/card.json,,,,,https://card.wb.ru/cards/v4/detail,2026-06-29T13:12:05+00:00,58.54699999999998,0.7831999999999999,0.4036,0.246,0.5169999999999999,0.96,3460.0,13163580.0,2723.0,10291814.0,3825928.0,194166.0,22363.0,0.9043557536890396,5.075004025167227,11.517464437646138,1.781980367314566,78.69942196531792,14.335260115606935,2733.0,13.10126582278481,563.0,-0.3400981996726677,1.9020984448225424,0.1888888888888888,90
15,883929252,Блендер стационарный для коктейлей и смузи,https://www.wildberries.ru/catalog/883929252/detail.aspx,,2026-03-13,108,2026-03-13T08:57:15.027963Z,2026-06-29T10:39:31.354161Z,572414155,Блендер стационарный для коктейлей и смузи,ok,https://basket-39.wbbasket.ru/vol8839/part883929/883929252/info/ru/card.json,,,,,https://card.wb.ru/cards/v4/detail,2026-06-29T13:12:05+00:00,58.51,0.7959999999999999,0.5824,0.111,0.375,0.88,4338.0,13517473.0,3048.0,9408528.0,2293982.0,214300.0,23308.0,1.8910348904219825,9.341834417183744,10.876341577228184,2.0242650489967335,70.26279391424619,18.74135546334717,2484.0,11.033333333333331,674.0,-0.6011611030478955,-0.3691641108569756,0.0444444444444444,90
16,585130046,,https://www.wildberries.ru/catalog/585130046/detail.aspx,7211.0,2025-10-28,244,2025-10-28T15:50:28.860044Z,2026-06-29T10:39:05.148621Z,2850284356,Стационарный блендер для смузи и коктейлей,ok,https://basket-30.wbbasket.ru/vol5851/part585130/585130046/info/ru/card.json,7211.0,5.0,Стационарный блендер для смузи и коктейлей,Doxel,https://card.wb.ru/cards/v4/detail,2026-06-29T13:12:05+00:00,57.962,0.8612,0.4168,0.344,0.536,0.42,3831.0,20217102.0,3040.0,15925023.0,4197761.0,219382.0,20951.0,0.9126293755170912,5.2261669971206075,9.550008660692308,1.7462690649187262,79.35264943878883,16.78412947011224,4012.0,8.955555555555556,311.0,-0.4883825851567787,0.8591635585549814,0.0,90
17,169884281,,https://www.wildberries.ru/catalog/169884281/detail.aspx,3401.0,2023-07-21,1074,2023-07-21T10:15:08.523101Z,2026-06-23T12:46:14.292152Z,141306040,Блендер погружной измельчитель 3 в 1 SC-HB42F35,ok,https://basket-12.wbbasket.ru/vol1698/part169884/169884281/info/ru/card.json,3401.0,4.8,Блендер погружной измельчитель 3 в 1 SC-HB42F35,Scarlett,https://card.wb.ru/cards/v4/detail,2026-06-29T13:12:05+00:00,57.178,0.5328,0.5604,0.627,0.7409999999999999,0.4,3194.0,6233215.0,2702.0,5284184.0,2637938.0,93720.0,13631.0,1.2107941884911624,3.5527749325420084,14.544387537345283,3.408023900981647,84.59611772072635,12.58609893550407,1443.0,17.6,652.0,0.1345826235093696,-0.1384072341201232,0.0,90
18,232842874,,https://www.wildberries.ru/catalog/232842874/detail.aspx,2667.0,2024-05-22,768,2024-05-22T12:41:13.732362Z,2026-05-06T08:33:27.150004Z,422295831,Блендер стационарный настольный для смузи CT-1304,ok,https://basket-15.wbbasket.ru/vol2328/part232842/232842874/info/ru/card.json,2667.0,4.4,Блендер стационарный настольный для смузи CT-1304,Centek,https://card.wb.ru/cards/v4/detail,2026-06-29T13:12:05+00:00,57.111,0.5376000000000001,0.576,0.268,0.765,0.84,2197.0,9339906.0,1604.0,6814560.0,1720019.0,93310.0,11662.0,1.277311471559326,5.4249400733363995,12.498124531132785,2.3545172007287536,73.00864815657715,18.66181156121985,3116.0,7.4,370.0,0.0239999999999999,1.977642638138192,0.0,90
19,874385114,,https://www.wildberries.ru/catalog/874385114/detail.aspx,298.0,2026-03-09,112,2026-03-09T10:21:52.686356Z,2026-06-01T09:55:20.322485Z,996456474,Блендер погружной мощный 4в1,ok,https://basket-39.wbbasket.ru/vol8743/part874385/874385114/info/ru/card.json,298.0,4.8,Блендер погружной мощный 4в1,TOMMY ARIKO,https://card.wb.ru/cards/v4/detail,2026-06-29T13:12:05+00:00,56.298,0.7508,0.4088,0.556,0.244,0.78,3470.0,10217890.0,2986.0,8793646.0,4866833.0,138055.0,19492.0,0.7129893300222135,2.836649624098464,14.119010539277824,2.5134909999637824,86.05187319884726,10.979827089337176,2301.5,18.701149425287355,221.0,-0.3398876404494381,-0.5526217692027666,0.0777777777777777,90
20,897114209,,https://www.wildberries.ru/catalog/897114209/detail.aspx,403.0,2026-03-18,103,2026-03-18T21:28:57.430993Z,2026-06-25T13:25:23.27003Z,1094330875,Блендер погружной мощный 5 в 1 с чашей и капучинатором,ok,https://basket-39.wbbasket.ru/vol8971/part897114/897114209/info/ru/card.json,403.0,4.9,Блендер погружной мощный 5 в 1 с чашей и капучинатором,,https://card.wb.ru/cards/v4/detail,2026-06-29T13:12:05+00:00,56.249,0.4204,0.5344,0.691,0.614,0.86,1998.0,6784558.0,1662.0,5632071.0,1682073.0,71381.0,9712.0,1.187820029213952,4.2436327079740295,13.605861503761504,2.7990641767417097,83.18318318318319,10.61061061061061,3099.0,23.2,334.0,0.0642201834862385,-0.3552325897236787,0.0,90
21,565176983,,https://www.wildberries.ru/catalog/565176983/detail.aspx,2206.0,2025-10-13,259,2025-10-13T18:44:45.837781Z,2026-06-22T15:47:38.377643Z,2690385424,Погружной блендер мощный для измельчения без насадок,ok,https://basket-29.wbbasket.ru/vol5651/part565176/565176983/info/ru/card.json,2206.0,4.9,Погружной блендер мощный для измельчения без насадок,Tech & Design,https://card.wb.ru/cards/v4/detail,2026-06-29T13:12:05+00:00,55.657999999999994,0.4708,0.568,0.785,0.507,0.56,2583.0,6374502.0,2342.0,5760392.0,1725497.0,86733.0,11315.0,1.4969600063054298,5.026551770301542,13.045784188255912,2.978105219466639,90.66976384049556,12.311265969802555,1800.0,19.85555555555555,313.0,-0.1506493506493506,-0.5541805137540299,0.0,90
22,844743357,,https://www.wildberries.ru/catalog/844743357/detail.aspx,855.0,2026-02-23,126,2026-02-23T12:04:08.026913Z,2026-06-19T12:58:41.241824Z,426518333,Блендер портативный для смузи и коктейлей,ok,https://basket-38.wbbasket.ru/vol8447/part844743/844743357/info/ru/card.json,855.0,4.9,Блендер портативный для смузи и коктейлей,UNIQUENITY,https://card.wb.ru/cards/v4/detail,2026-06-29T13:12:05+00:00,55.45,0.57,0.6815999999999999,0.296,0.628,0.46,3373.0,7303147.0,2626.0,5716589.0,1941679.0,99722.0,16504.0,1.7371563476764182,5.135864373050334,16.55000902508975,3.382403080563968,77.85354284020161,14.141713608064038,1646.5,11.88888888888889,805.0,0.0024479804161567,-0.1470366121980789,0.0111111111111111,90
23,17661407,,https://www.wildberries.ru/catalog/17661407/detail.aspx,18438.0,2020-12-08,2029,2020-12-08T20:25:26Z,2026-06-03T07:37:08.571578Z,13151272,Блендер погружной PHB 1385 ручной с насадками,ok,https://basket-02.wbbasket.ru/vol176/part17661/17661407/info/ru/card.json,18438.0,4.9,Блендер погружной PHB 1385 ручной с насадками,POLARIS,https://card.wb.ru/cards/v4/detail,2026-06-29T13:12:05+00:00,53.61,0.518,0.4676,0.661,0.485,0.66,1859.0,8690085.0,1665.0,7754890.0,1924785.0,78242.0,9486.0,0.9658221567603654,4.064973490545698,12.123923212596816,2.37596175966872,89.56428187197419,12.47982786444325,3488.0,13.511111111111113,151.0,-0.0983606557377048,0.0910474460399232,0.0,90
24,445935924,,https://www.wildberries.ru/catalog/445935924/detail.aspx,1829.0,2025-06-19,375,2025-06-19T08:11:14.287637Z,2026-06-25T09:21:15.598931Z,606155304,Блендер стационарный мощный для смузи коктейлей измельчения,ok,https://basket-25.wbbasket.ru/vol4459/part445935/445935924/info/ru/card.json,1829.0,4.7,Блендер стационарный мощный для смузи коктейлей измельчения,FELFRI,https://card.wb.ru/cards/v4/detail,2026-06-29T13:12:05+00:00,53.501,0.5075999999999999,0.3272,0.679,0.678,0.72,1565.0,6892360.0,1440.0,6327524.0,4577929.0,87317.0,12130.0,0.3418576391202222,1.907347186904821,13.891911082607052,1.7923199376982717,92.01277955271566,12.587859424920127,3323.0,13.977777777777778,310.0,0.2806324110671935,1.8358533732874869,0.0,90
25,460767433,,https://www.wildberries.ru/catalog/460767433/detail.aspx,616.0,2025-07-08,356,2025-07-08T06:12:46.5381Z,2026-06-11T14:09:28.65589Z,459716739,Блендер погружной 4 в 1 с венчиком и измельчителем,ok,https://basket-26.wbbasket.ru/vol4607/part460767/460767433/info/ru/card.json,616.0,4.8,Блендер погружной 4 в 1 с венчиком и измельчителем,,https://card.wb.ru/cards/v4/detail,2026-06-29T13:12:05+00:00,53.1,0.284,0.6940000000000001,0.685,0.6489999999999999,0.58,1878.0,4624222.0,1536.0,3792049.0,1112775.0,42572.0,7690.0,1.6876727101166005,3.8257509379703896,18.06351592596073,4.411350183219017,81.78913738019169,9.79765708200213,1938.5,8.977777777777778,537.0,0.5971014492753622,-0.5535160760955449,0.0,90
26,845020313,,https://www.wildberries.ru/catalog/845020313/detail.aspx,1871.0,2026-02-23,126,2026-02-23T16:16:12.109749Z,2026-06-24T12:02:37.617645Z,790067487,Блендер портативный для смузи и коктейлей 2 в 1,ok,https://basket-38.wbbasket.ru/vol8450/part845020/845020313/info/ru/card.json,1871.0,4.9,Блендер портативный для смузи и коктейлей 2 в 1,,https://card.wb.ru/cards/v4/detail,2026-06-29T13:12:05+00:00,53.075,0.584,0.6328,0.228,0.5730000000000001,0.48,3313.0,7888520.0,2574.0,6167655.0,1592474.0,142828.0,14684.0,2.0804107319805536,8.968937640426153,10.280897303049825,2.319573192931358,77.69393299124661,17.536975550860248,1707.0,7.355555555555555,521.0,-0.1653666146645865,0.076517543337106,0.0111111111111111,90
27,100204048,,https://www.wildberries.ru/catalog/100204048/detail.aspx,2456.0,2022-09-15,1383,2022-09-15T10:58:50.130679Z,2026-05-19T10:12:37.939192Z,1249230094,"Погружной блендер рубит в кубик, кухонный комбайн 1800Вт",ok,https://basket-05.wbbasket.ru/vol1002/part100204/100204048/info/ru/card.json,2456.0,4.8,"Погружной блендер рубит в кубик, кухонный комбайн 1800Вт",Pioneer,https://card.wb.ru/cards/v4/detail,2026-06-29T13:12:05+00:00,52.908,0.5668,0.4536,0.758,0.6239999999999999,0.1,1539.0,13544911.0,1303.0,11454175.0,1685429.0,102550.0,13442.0,0.9131206357550512,6.084504301278784,13.107752315943442,1.500731350560702,84.66536712150747,10.1364522417154,6691.0,14.144444444444444,194.0,0.4344827586206896,0.6005669999328995,0.0,90
28,839592432,,https://www.wildberries.ru/catalog/839592432/detail.aspx,3509.0,2026-02-20,129,2026-02-20T08:21:56.392641Z,2026-04-29T06:39:37.747486Z,877556446,Блендер погружной кухонный мощный,ok,https://basket-38.wbbasket.ru/vol8395/part839592/839592432/info/ru/card.json,3509.0,4.8,Блендер погружной кухонный мощный,AElectronic,https://card.wb.ru/cards/v4/detail,2026-06-29T13:12:05+00:00,51.19199999999999,0.4012,0.6816000000000001,0.633,0.361,0.52,2463.0,6225797.0,2326.0,5891627.0,1558571.0,50179.0,9132.0,1.5802937434354931,3.2195517560637272,18.19884812371709,4.908427828374419,94.43767762890784,14.697523345513602,1775.5,15.311111111111112,245.0,-0.3713592233009708,-0.5650004846906981,0.0,90
29,262919877,,https://www.wildberries.ru/catalog/262919877/detail.aspx,1136.0,2024-09-20,647,2024-09-20T08:50:32.247121Z,2026-06-06T08:52:59.444231Z,252574498,Блендер для коктейлей и смузи стационарный HB4,ok,https://basket-17.wbbasket.ru/vol2629/part262919/262919877/info/ru/card.json,1136.0,4.4,Блендер для коктейлей и смузи стационарный HB4,Futula,https://card.wb.ru/cards/v4/detail,2026-06-29T13:12:05+00:00,50.383,0.5047999999999999,0.68,0.404,0.217,0.64,2636.0,7267946.0,2226.0,6129777.0,1270541.0,101464.0,12856.0,2.0747067587744117,7.985889475428183,12.6705038240164,2.597965780966648,84.44613050075873,17.185128983308044,2016.0,7.833333333333333,65.0,-0.8326271186440678,-0.8999215790116919,0.0,90
30,291877224,,https://www.wildberries.ru/catalog/291877224/detail.aspx,1277.0,2024-11-26,580,2024-11-26T10:48:01.932629Z,2026-04-20T11:18:00.524604Z,272258731,"Блендер погружной мощный, кухонный комбайн для смузи",ok,https://basket-18.wbbasket.ru/vol2918/part291877/291877224/info/ru/card.json,1277.0,4.7,"Блендер погружной мощный, кухонный комбайн для смузи",Mojo,https://card.wb.ru/cards/v4/detail,2026-06-29T13:12:05+00:00,50.28299999999999,0.4067999999999999,0.3693999999999999,0.76,0.6139999999999999,0.62,1501.0,7245072.0,1263.0,6128504.0,1476788.0,117444.0,8409.0,1.0163950411298033,7.952664837471595,7.160008174108512,1.2780559245257317,84.14390406395736,9.993337774816789,3496.5,19.566666666666663,292.0,0.2142857142857143,-0.0827512796420286,0.0,90
31,708374336,,https://www.wildberries.ru/catalog/708374336/detail.aspx,636.0,2025-12-16,195,2025-12-16T10:45:09.126131Z,2026-03-12T03:32:02.535576Z,724173790,"Блендер погружной ручной с насадками, 2000Вт",ok,https://basket-34.wbbasket.ru/vol7083/part708374/708374336/info/ru/card.json,636.0,4.8,"Блендер погружной ручной с насадками, 2000Вт",Home One,https://card.wb.ru/cards/v4/detail,2026-06-29T13:12:05+00:00,47.182,0.3812,0.4324,0.4579999999999999,0.544,0.8,1800.0,5497888.0,1437.0,4362336.0,3208150.0,50530.0,8539.0,0.5610710222402319,1.575051041877718,16.898871957253117,3.5622402533148625,79.83333333333333,8.61111111111111,2335.0,19.525641025641026,712.0,-0.2740000000000001,6.253145684556837,0.4777777777777778,90
32,678869210,"Блендер-суповарка с нагревом DEMIAND DeMixi 7 в 1, черный",https://www.wildberries.ru/catalog/678869210/detail.aspx,730.0,2025-12-02,209,2025-12-02T11:28:38.113735Z,2026-06-06T06:40:25.797557Z,693879387,"Блендер-суповарка с нагревом DEMIAND DeMixi 7 в 1, черный",ok,https://basket-33.wbbasket.ru/vol6788/part678869/678869210/info/ru/card.json,730.0,4.9,"Блендер-суповарка с нагревом DeMixi 7 в 1, черный",DEMIAND,https://card.wb.ru/cards/v4/detail,2026-06-29T13:12:05+00:00,46.778,0.6898,0.3971999999999999,0.251,0.5559999999999999,0.06,1382.0,26376411.0,1093.0,20734628.0,2488325.0,222308.0,26018.0,0.5553936885254137,8.934041976028052,11.703582417186963,0.6216600392248592,79.08827785817655,18.958031837916064,13486.0,6.011111111111111,197.0,0.0096153846153845,0.0655359763345155,0.0,90
33,961659889,,https://www.wildberries.ru/catalog/961659889/detail.aspx,133.0,2026-04-13,77,2026-04-13T10:02:30.918816Z,2026-06-22T11:51:10.873835Z,583423482,Блендер погружной мощный с чашей и стаканом 6в1,ok,https://basket-41.wbbasket.ru/vol9616/part961659/961659889/info/ru/card.json,133.0,4.8,Блендер погружной мощный с чашей и стаканом 6в1,Bocsh,https://card.wb.ru/cards/v4/detail,2026-06-29T13:12:05+00:00,46.693,0.2748,0.5760000000000001,0.55,0.4149999999999999,0.82,1568.0,5012947.0,1323.0,4229680.0,733034.0,58996.0,7039.0,2.1390549415170375,8.048194217457853,11.931317377449318,2.6578073089701,84.375,9.821428571428571,3164.0,13.242424242424242,376.0,-0.1371681415929203,-0.4487197629492407,0.2777777777777778,90
34,306190443,,https://www.wildberries.ru/catalog/306190443/detail.aspx,2122.0,2024-12-23,553,2024-12-23T14:53:14.577141Z,2026-06-18T09:54:08.19399Z,391886783,Блендер погружной кухонный комбайн с кубикорезом 12 в 1,ok,https://basket-19.wbbasket.ru/vol3061/part306190/306190443/info/ru/card.json,2122.0,4.8,Блендер погружной кухонный комбайн с кубикорезом 12 в 1,FELFRI,https://card.wb.ru/cards/v4/detail,2026-06-29T13:12:05+00:00,46.547,0.4942,0.3864,0.51,0.716,0.12,1382.0,11120551.0,1164.0,9439656.0,1968800.0,80612.0,10406.0,0.701950426655831,4.094473791141812,12.908748077209347,1.7143849550935346,84.22575976845152,13.89290882778582,6251.0,10.555555555555555,325.0,0.3399209486166007,0.8503289573233104,0.0,90
35,271010502,,https://www.wildberries.ru/catalog/271010502/detail.aspx,4635.0,2024-10-16,621,2024-10-16T18:46:57.837518Z,2026-06-18T09:48:05.310981Z,507954219,Блендер погружной мощный кухонный комбайн,ok,https://basket-17.wbbasket.ru/vol2710/part271010/271010502/info/ru/card.json,4635.0,4.8,Блендер погружной мощный кухонный комбайн,FELFRI,https://card.wb.ru/cards/v4/detail,2026-06-29T13:12:05+00:00,44.648,0.3548,0.423,0.659,0.598,0.28,1191.0,7184169.0,1038.0,6284344.0,2127254.0,51202.0,7472.0,0.5598767237010719,2.4069528133452796,14.59317995390805,2.3260810124604507,87.1536523929471,12.594458438287154,4673.0,12.066666666666666,239.0,-0.0732600732600731,2.7879106583204507,0.0,90
36,618438907,,https://www.wildberries.ru/catalog/618438907/detail.aspx,565.0,2025-11-14,227,2025-11-14T17:14:00.085653Z,2026-06-29T08:35:21.05299Z,634186171,Блендер погружной мощный 8в1 для измельчения и смешивания,ok,https://basket-31.wbbasket.ru/vol6184/part618438/618438907/info/ru/card.json,565.0,5.0,Блендер погружной мощный 8в1 для измельчения и смешивания,LUMERO,https://card.wb.ru/cards/v4/detail,2026-06-29T13:12:05+00:00,43.071,0.4576,0.2067999999999999,0.714,0.6249999999999999,0.18,1106.0,8137322.0,937.0,6884705.0,3052406.0,92764.0,11238.0,0.3623371202913374,3.0390452646207615,12.114613427622784,1.192272864473287,84.71971066907776,10.669077757685352,5424.5,29.455555555555556,262.0,0.0656370656370656,0.32454708996331,0.0,90
37,1032349251,,https://www.wildberries.ru/catalog/1032349251/detail.aspx,231.0,2026-05-15,45,2026-05-15T15:03:25.654525Z,2026-06-25T16:22:25.669426Z,2046630038,Портативный блендер для смузи и коктейлей,ok,https://basket-41.wbbasket.ru/vol10323/part1032349/1032349251/info/ru/card.json,231.0,4.9,Портативный блендер для смузи и коктейлей,,https://card.wb.ru/cards/v4/detail,2026-06-29T13:12:05+00:00,39.965,0.252,0.6212,0.201,0.48,0.54,1420.0,3553263.0,1057.0,2661808.0,450840.0,82782.0,17325.0,3.149676160056783,18.3617247804099,20.928462709284627,1.7153487473122175,74.43661971830986,13.309859154929576,1777.5,14.13953488372093,441.0,-0.1697080291970803,1.056759847213099,0.5555555555555556,90
38,59487187,,https://www.wildberries.ru/catalog/59487187/detail.aspx,3812.0,2022-01-19,1622,2022-01-19T17:52:49Z,2026-06-26T05:39:55.141326Z,791989624,Блендер погружной мощный PHB 1476 с измельчителем,ok,https://basket-04.wbbasket.ru/vol594/part59487/59487187/info/ru/card.json,3812.0,4.9,Блендер погружной мощный PHB 1476 с измельчителем,POLARIS,https://card.wb.ru/cards/v4/detail,2026-06-29T13:12:05+00:00,39.904,0.2164,0.3412,0.6129999999999999,0.507,0.7,1095.0,5071370.0,924.0,4262524.0,1424122.0,60936.0,5861.0,0.7688947997432803,4.278846896543976,9.618288039910723,1.796967309964553,84.38356164383562,12.237442922374427,3457.0,15.555555555555555,181.0,-0.1447368421052632,0.101795402979185,0.0,90
39,1088308702,,https://www.wildberries.ru/catalog/1088308702/detail.aspx,403.0,2026-05-26,34,2026-05-26T10:21:26.792906Z,2026-06-25T13:25:23.270083Z,1094330875,Погружной блендер кухонный 4 в 1,ok,https://basket-42.wbbasket.ru/vol10883/part1088308/1088308702/info/ru/card.json,403.0,4.9,Погружной блендер кухонный 4 в 1,,https://card.wb.ru/cards/v4/detail,2026-06-29T13:12:05+00:00,39.739999999999995,0.066,0.4787999999999999,0.372,0.712,0.92,928.0,2650560.0,634.0,1782690.0,450280.0,30992.0,4137.0,2.0609398596428887,6.882828462290131,13.348606091894682,2.994321115126484,68.31896551724138,4.202586206896552,2660.0,38.56521739130435,759.0,3.224043715846995,4.539851283838735,0.7555555555555555,90
40,251022820,,https://www.wildberries.ru/catalog/251022820/detail.aspx,2346.0,2024-08-08,690,2024-08-08T14:35:52.493712Z,2026-06-29T08:30:47.858468Z,658124207,Блендер погружной мощный 8 в 1 для измельчения и смешивания,ok,https://basket-16.wbbasket.ru/vol2510/part251022/251022820/info/ru/card.json,2346.0,4.9,Блендер погружной мощный 8 в 1 для измельчения и смешивания,Tech & Design,https://card.wb.ru/cards/v4/detail,2026-06-29T13:12:05+00:00,39.690999999999995,0.3876,0.1783999999999999,0.892,0.419,0.2,1018.0,7444765.0,927.0,6779985.0,2274505.0,85455.0,8501.0,0.4475699108157599,3.757081211076696,9.947925808905271,1.191270259200749,91.06090373280942,10.31434184675835,5407.0,24.866666666666667,122.0,-0.1904761904761905,-0.1826178253760197,0.0,90
41,411849417,,https://www.wildberries.ru/catalog/411849417/detail.aspx,2836.0,2025-05-06,419,2025-05-06T16:20:15.380184Z,2026-06-10T13:03:21.337699Z,1208250931,Погружной блендер 7в1 кухонный комбайн,ok,https://basket-23.wbbasket.ru/vol4118/part411849/411849417/info/ru/card.json,2836.0,4.9,Погружной блендер 7в1 кухонный комбайн,GORIZZ,https://card.wb.ru/cards/v4/detail,2026-06-29T13:12:05+00:00,39.447,0.2452,0.3964000000000001,0.8530000000000001,0.384,0.24,994.0,6711947.0,895.0,6038626.0,1145048.0,54750.0,6734.0,0.8680858793692492,4.781458943205874,12.299543378995434,1.815525114155251,90.04024144869214,10.663983903420524,4935.0,20.64444444444445,106.0,-0.2982456140350877,0.0539503974882951,0.0111111111111111,90
42,985437161,,https://www.wildberries.ru/catalog/985437161/detail.aspx,110.0,2026-04-23,67,2026-04-23T10:57:38.698774Z,2026-06-26T05:39:49.082311Z,791989624,Блендер ручной PHB 1599,ok,https://basket-41.wbbasket.ru/vol9854/part985437/985437161/info/ru/card.json,110.0,4.9,Блендер ручной PHB 1599,POLARIS,https://card.wb.ru/cards/v4/detail,2026-06-29T13:12:05+00:00,37.190999999999995,0.1635999999999999,0.3316,0.4599999999999999,0.425,0.99,1038.0,3889662.0,833.0,3115078.0,1410504.0,53760.0,5496.0,0.7359071650984329,3.811403583399976,10.223214285714285,1.9308035714285716,80.2504816955684,9.344894026974952,2735.5,17.836363636363636,340.0,-0.1365853658536585,-0.1607433367469471,0.4222222222222222,90
43,692973678,,https://www.wildberries.ru/catalog/692973678/detail.aspx,454.0,2025-12-08,203,2025-12-08T12:16:42.667153Z,2026-06-22T14:50:54.110588Z,693879387,"Блендер-суповарка с нагревом DEMIAND DeMixi 7 в 1, белый",ok,https://basket-33.wbbasket.ru/vol6929/part692973/692973678/info/ru/card.json,454.0,4.9,"Блендер-суповарка с нагревом DeMixi 7 в 1, белый",DEMIAND,https://card.wb.ru/cards/v4/detail,2026-06-29T13:12:05+00:00,36.553,0.5228,0.3727999999999999,0.09,0.479,0.04,992.0,19274719.0,633.0,12146785.0,1628777.0,203793.0,21923.0,0.6090459283253631,12.512025894275276,10.757484310059716,0.4867684365998832,63.81048387096774,31.451612903225808,13514.5,5.622222222222222,128.0,-0.1497005988023952,1.3359161044686394,0.0,90
44,876439200,,https://www.wildberries.ru/catalog/876439200/detail.aspx,202.0,2026-03-10,111,2026-03-10T08:04:38.077271Z,2026-05-28T14:50:12.612Z,981947849,Блендер погружной 3в1 со стальной насадкой 2000Вт,ok,https://basket-39.wbbasket.ru/vol8764/part876439/876439200/info/ru/card.json,202.0,4.8,Блендер погружной 3в1 со стальной насадкой 2000Вт,STINGRAY,https://card.wb.ru/cards/v4/detail,2026-06-29T13:12:05+00:00,33.224,0.1584,0.7184,0.42,0.0279999999999999,0.3,1423.0,2144610.0,1210.0,1809130.0,353102.0,24537.0,4919.0,4.029996998034562,6.948983579815464,20.047275543057424,5.799404980233932,85.03162333099087,12.508784258608577,1096.0,235.4262295081967,38.0,-0.9216867469879518,-0.8399333589645008,0.5,90
45,768319065,,https://www.wildberries.ru/catalog/768319065/detail.aspx,225.0,2026-01-20,160,2026-01-20T08:03:03.51373Z,2026-06-26T05:39:55.141326Z,791989624,Блендер стационарный мощный со стеклянной чашей PTB 1037G,ok,https://basket-35.wbbasket.ru/vol7683/part768319/768319065/info/ru/card.json,225.0,4.9,Блендер стационарный мощный со стеклянной чашей PTB 1037G,POLARIS,https://card.wb.ru/cards/v4/detail,2026-06-29T13:12:05+00:00,32.82000000000001,0.52,0.1716,0.275,0.307,0.16,1212.0,8928357.0,966.0,7100718.0,4533528.0,110040.0,12318.0,0.2673414612196064,2.427248712261179,11.194111232279171,1.1014176663031623,79.70297029702971,15.18151815181518,5472.0,22.5,121.0,-0.2894736842105263,-0.0352033620781621,0.0555555555555555,90
46,923532421,,https://www.wildberries.ru/catalog/923532421/detail.aspx,601.0,2026-03-30,91,2026-03-30T05:38:10.718913Z,2026-06-22T19:57:37.616342Z,2234441453,Блендер для смузи и коктейлей портативный беспроводной,ok,https://basket-40.wbbasket.ru/vol9235/part923532/923532421/info/ru/card.json,601.0,4.9,Блендер для смузи и коктейлей портативный беспроводной,Kenneth,https://card.wb.ru/cards/v4/detail,2026-06-29T13:12:05+00:00,32.452999999999996,0.0988,0.3312,0.404,0.317,0.99,846.0,3263596.0,684.0,2639046.0,980750.0,43828.0,4459.0,0.862605149120571,4.468824878919195,10.173861458428402,1.9302728849137536,80.85106382978722,11.583924349881796,2772.0,12.826666666666666,192.0,-0.2642857142857143,-0.03067406593543,0.2222222222222222,90
47,476029226,,https://www.wildberries.ru/catalog/476029226/detail.aspx,1527.0,2025-07-23,341,2025-07-23T11:26:33.860416Z,2026-06-29T08:24:16.04088Z,676253599,Блендер погружной мощный 8 в 1 для измельчения и смешивания,ok,https://basket-26.wbbasket.ru/vol4760/part476029/476029226/info/ru/card.json,1527.0,4.9,Блендер погружной мощный 8 в 1 для измельчения и смешивания,Luxento,https://card.wb.ru/cards/v4/detail,2026-06-29T13:12:05+00:00,31.205000000000005,0.2159999999999999,0.1792,0.7560000000000001,0.375,0.22,721.0,5258199.0,645.0,4705747.0,2120927.0,55157.0,6243.0,0.3399456935575812,2.60060813031283,11.318599633772685,1.307177692767917,89.45908460471568,10.540915395284326,5363.0,32.044444444444444,129.0,-0.2955665024630542,0.9559954864461564,0.0222222222222222,90
48,692985933,,https://www.wildberries.ru/catalog/692985933/detail.aspx,136.0,2025-12-08,203,2025-12-08T12:22:13.098152Z,2026-06-22T13:59:47.074832Z,699426059,"Блендер-суповарка с нагревом DEMIAND DeMixi 7 в 1, белый",ok,https://basket-33.wbbasket.ru/vol6929/part692985/692985933/info/ru/card.json,136.0,4.9,"Блендер-суповарка с нагревом DeMixi 7 в 1, белый",DEMIAND,https://card.wb.ru/cards/v4/detail,2026-06-29T13:12:05+00:00,23.919,0.1144,0.284,0.519,0.282,0.08,329.0,6298931.0,286.0,5430621.0,705535.0,37280.0,3827.0,0.4663127980893932,5.283933468927835,10.265557939914164,0.8825107296137339,86.93009118541033,13.069908814589663,13415.0,6.8,44.0,-0.1470588235294117,-0.2443418173641561,0.0666666666666666,90
49,683481319,,https://www.wildberries.ru/catalog/683481319/detail.aspx,150.0,2025-12-04,207,2025-12-04T06:39:43.706894Z,2026-05-27T11:39:09.3464Z,699426059,"Блендер-суповарка с нагревом DEMIAND DeMixi 7 в 1, черный",ok,https://basket-33.wbbasket.ru/vol6834/part683481/683481319/info/ru/card.json,150.0,4.9,"Блендер-суповарка с нагревом DeMixi 7 в 1, черный",DEMIAND,https://card.wb.ru/cards/v4/detail,2026-06-29T13:12:05+00:00,21.521,0.1696,0.2344,0.299,0.336,0.02,375.0,7193155.0,310.0,5928174.0,855250.0,40802.0,4076.0,0.4384682841274481,4.7707687810581705,9.989706386941815,0.9190725944806628,82.66666666666667,15.466666666666669,13587.0,7.5777777777777775,59.0,-0.160919540229885,0.5885612819154269,0.1111111111111111,90
50,960472797,,https://www.wildberries.ru/catalog/960472797/detail.aspx,744.0,2026-04-12,78,2026-04-12T21:28:42.709644Z,2026-06-26T15:34:02.225082Z,561399930,Блендер стационарный мощный для смузи коктейлей измельчения,ok,https://basket-40.wbbasket.ru/vol9604/part960472/960472797/info/ru/card.json,744.0,5.0,Блендер стационарный мощный для смузи коктейлей измельчения,,https://card.wb.ru/cards/v4/detail,2026-06-29T13:12:05+00:00,15.065,0.104,0.2132,0.205,0.108,0.14,495.0,4003048.0,393.0,3172423.0,1073620.0,46695.0,5121.0,0.4610569847804623,4.349304223095695,10.966912945711533,1.060070671378092,79.39393939393939,14.747474747474747,5661.0,16.32,75.0,-0.4367088607594937,-0.5932562807562808,0.2666666666666666,90
